text,label,notes
Villeneuve's use of brutalist architecture visually reinforces the colonial oppression of the Harkonnens.,analytical_critique,
I honestly found Dune Part 2 incredibly boring and poorly paced compared to the book.,subjective_take,
"Did Paul Atreides actually believe he was the messiah, or was he just using the Fremen?",narrative_decoding,
Bong Joon-ho consistently places the Kim family physically lower in the frame to show class stratification.,analytical_critique,
Parasite is a masterpiece that completely destroyed me emotionally the first time I watched it.,subjective_take,
"At the end of Parasite, the boy's plan to buy the house is obviously just a fantasy.",narrative_decoding,
The sound design in Zone of Interest is incredible because it forces you to hear the horror while feeling uncomfortable.,analytical_critique,Hard case: Has emotional language but rooted in technical sound analysis.
Am I the only one who found Oppenheimer frantically paced and utterly exhausting?,subjective_take,
The poisoned apple in Oppenheimer represents his early realization of the destructive power he wields.,narrative_decoding,
Hitchcock's dolly zoom physically manifests Scottie's acrophobia and his psychological spiral.,analytical_critique,
Vertigo is heavily overrated and the romance feels entirely forced and unbelievable.,subjective_take,
Did Judy actually love Scottie in Vertigo or was she just playing a part for Elster?,narrative_decoding,
"Kubrick's use of tracking shots in The Shining creates a labyrinthine, suffocating feel.",analytical_critique,
The Shining is simply the scariest movie I have ever seen.,subjective_take,
The photo at the end implies Jack has always been the caretaker of the hotel.,narrative_decoding,
The editing pace in Goodfellas perfectly mimics Henry's escalating cocaine paranoia.,analytical_critique,
Goodfellas is easily Scorsese's most entertaining film by far.,subjective_take,
Why did Tommy get whacked? Was it solely revenge for Billy Batts?,narrative_decoding,
Tarkovsky's long takes in Stalker align our perception of time with the characters' exhausting journey.,analytical_critique,
I fell asleep twice watching Stalker; I just do not get the hype around slow cinema.,subjective_take,
The Room in Stalker grants unconscious desires rather than stated wishes.,narrative_decoding,
Nolan's cross-cutting in the climax of Inception creates temporal distortion across dream levels.,analytical_critique,
Inception is Nolan's peak because it balances spectacle with genuine heart.,subjective_take,
The top falling at the end of Inception doesn't matter because Cobb accepts his reality.,narrative_decoding,
Chivo's cinematography in The Revenant relies almost entirely on natural light to emphasize the harsh environment.,analytical_critique,
The Revenant was a visual treat but narratively empty; I didn't care about the revenge plot.,subjective_take,
Glass surviving the bear attack is heavily symbolic of his spiritual rebirth.,narrative_decoding,
"The color palette in Barbie shifts from artificial pastels to grounded, muted tones as she enters the real world.",analytical_critique,
Barbie completely exceeded my expectations and was hilariously written.,subjective_take,
Ruth Handler's ghost in Barbie represents the idealized creator stepping away from her flawed creation.,narrative_decoding,
Tarantino's non-linear narrative structure in Pulp Fiction forces the audience to re-evaluate the morality of violence.,analytical_critique,
Pulp Fiction has completely lost its edge and just feels like a collection of cool quotes now.,subjective_take,
The glowing briefcase in Pulp Fiction is just a MacGuffin to drive the hitmen's actions.,narrative_decoding,
"The Wachowskis use distinct color grading—green for the Matrix, blue for reality—to orient the viewer.",analytical_critique,
The Matrix Reloaded is incredibly underrated and features some of the best action ever put to film.,subjective_take,
"The Architect's speech means Neo isn't the first anomaly, making the prophecy a system control mechanism.",narrative_decoding,
"Miyazaki's hand-drawn animation in Spirited Away gives the bathhouse a tangible, overwhelming weight.",analytical_critique,
Spirited Away makes me cry every single time I watch it.,subjective_take,
Chihiro's parents turning into pigs is a direct metaphor for 1980s Japanese consumer greed.,narrative_decoding,
Coppola's use of shadows in The Godfather visually masks Vito and Michael's illicit morality.,analytical_critique,
The Godfather Part III is unfairly hated just because Sofia Coppola was miscast.,subjective_take,
Michael closing the door on Kay at the end signifies his complete descent into the mafia underworld.,narrative_decoding,
The slow-motion violence in Taxi Driver abstracts Travis's psychological detachment from his actions.,analytical_critique,
I felt physically sick during the climax of Taxi Driver.,subjective_take,
"Is the ending of Taxi Driver a dying dream, or did Travis actually survive and become a hero?",narrative_decoding,
"Fincher's use of CGI for camera movements in Fight Club creates an omniscient, detached perspective.",analytical_critique,
Fight Club is a masterpiece of edgy 90s cinema that still holds up perfectly today.,subjective_take,
Tyler Durden is a projection of the Narrator's repressed masculine desires.,narrative_decoding,
"PTA's use of a dissonant, atonal score in There Will Be Blood creates an atmosphere of creeping dread.",analytical_critique,
There Will Be Blood features Daniel Day-Lewis's greatest performance.,subjective_take,
The 'milkshake' speech represents the ultimate triumph of ruthless capitalism over religion.,narrative_decoding,
The lack of a musical score in No Country for Old Men heightens the visceral realism of the violence.,analytical_critique,
I hated the ending of No Country for Old Men; it felt completely anticlimactic.,subjective_take,
"Chigurh acts as an unstoppable force of nature, representing the inevitable arrival of death.",narrative_decoding,
Lynch's surrealist editing in Mulholland Drive dissolves the boundary between reality and hallucination.,analytical_critique,
Mulholland Drive completely baffled me and I found it incredibly frustrating to sit through.,subjective_take,
The film functions entirely as a guilt-induced dream sequence created by Diane.,narrative_decoding,Hard case: Seems thematic but is actively explaining plot logistics.
Bergman's use of extreme close-ups in Persona violently merges the identities of the two women.,analytical_critique,
Persona is brilliant but I have to be in a very specific mood to endure its psychological heaviness.,subjective_take,
Alma and Elisabet are actually two halves of the same fractured psyche.,narrative_decoding,
Kurosawa's dynamic blocking and movement within the frame make the action in Seven Samurai feel totally chaotic.,analytical_critique,
Seven Samurai feels much faster than its runtime suggests; I was never bored.,subjective_take,
"The samurai don't win at the end, only the farmers do, highlighting the obsolescence of the warrior class.",narrative_decoding,
Scott's dystopian lighting and practical rain effects in Blade Runner established the cyberpunk aesthetic.,analytical_critique,
The theatrical cut of Blade Runner is awful because of the voiceover.,subjective_take,
The unicorn origami proves that Deckard himself is a replicant.,narrative_decoding,
Jenkins uses deeply saturated blues and purples in Moonlight to reflect Chiron's emotional isolation.,analytical_critique,
"Moonlight is a beautiful, deeply moving film that deserved every award it won.",subjective_take,
Kevin punching Chiron was just a survival mechanism in the harsh environment of their school.,narrative_decoding,
The rapid-fire montage editing in Everything Everywhere All at Once mathematically maps out the multiverse concept.,analytical_critique,
Everything Everywhere All at Once is way too chaotic and gave me a headache.,subjective_take,
Jobu Tupaki's bagel represents the nihilistic conclusion that nothing matters.,narrative_decoding,
"Glazer's static, unmoving camera in Zone of Interest creates a sterile, observational distance from the horror.",analytical_critique,
I will never watch Zone of Interest again; it was far too depressing.,subjective_take,
The sudden jump to the modern museum highlights how historical atrocities are commodified.,narrative_decoding,
The tight framing and rapid whip-pans in Whiplash simulate the anxiety of a jazz performance.,analytical_critique,
"Whiplash was thrilling, but Fletcher's teaching methods were so abusive I couldn't enjoy it.",subjective_take,
The final smile between Andrew and Fletcher means Andrew has fully surrendered his humanity for greatness.,narrative_decoding,
Aronofsky's handheld 16mm camera in Black Swan mirrors Nina's destabilized mental state.,analytical_critique,
"Black Swan is basically just a high-budget remake of Perfect Blue, but I still loved it.",subjective_take,
Nina didn't actually stab Lily; she stabbed herself during her psychotic break.,narrative_decoding,
Villeneuve's circular visual motifs in Arrival structurally foreshadow the film's revelation about time.,analytical_critique,
Arrival is emotionally devastating; the montage of her daughter breaks my heart.,subjective_take,
The aliens gave humanity their language so that humanity could save them in 3000 years.,narrative_decoding,
Miller's center-framed cinematography in Fury Road ensures the audience's eye never gets lost in the action.,analytical_critique,
Fury Road is the greatest action movie of the 21st century.,subjective_take,
"Max's visions of the little girl are a manifestation of his survivor's guilt, not his actual daughter.",narrative_decoding,
Fincher's digital cinematography in The Social Network makes the Harvard campus look cold and cynical.,analytical_critique,
I love The Social Network because Aaron Sorkin's dialogue is so incredibly snappy and fun.,subjective_take,
Mark didn't create Facebook for money; he did it out of deep-seated social insecurity.,narrative_decoding,
The use of practical lighting and low-angle shots in Zodiac traps the viewer in the investigators' obsessive viewpoints.,analytical_critique,
"Zodiac is Fincher's absolute best movie, easily surpassing Fight Club.",subjective_take,
"Arthur Leigh Allen was obviously the killer, but the movie is about the destruction of obsession.",narrative_decoding,
Demme's frequent use of character POV shots in Silence of the Lambs forces the audience to inhabit Clarice's vulnerability.,analytical_critique,
"Anthony Hopkins is terrifying, but the pacing of Silence of the Lambs drags in the second act.",subjective_take,
Lecter helping Clarice isn't out of kindness; he respects her because she's as psychologically damaged as he is.,narrative_decoding,
Peele's use of the Sunken Place visually literalizes the marginalized black experience in white liberal spaces.,analytical_critique,
Get Out is highly entertaining but I think people overhyped its scare factor.,subjective_take,
The grandfather running at night was him trying to reclaim his athletic glory in a younger body.,narrative_decoding,
Aster's intricate miniature dioramas in Hereditary visually foreshadow that the family is being manipulated by external forces.,analytical_critique,
Hereditary actually bored me; it relied too much on family drama and not enough on scares.,subjective_take,
"Paimon needed a male host, which is why Peter was targeted instead of Charlie.",narrative_decoding,
"The overexposed, blindingly bright daylight in Midsommar subverts the traditional dark aesthetic of folk horror.",analytical_critique,
Midsommar was deeply unsettling and I hated every second of it in the best way.,subjective_take,
Dani smiling at the end signifies her complete psychological assimilation into the cult.,narrative_decoding,
Carpenter's claustrophobic aspect ratio in The Thing traps the characters in the frozen wasteland.,analytical_critique,
The practical effects in The Thing are still the greatest ever put on film.,subjective_take,
"Childs didn't have visible breath at the end, implying he was already infected by the Thing.",narrative_decoding,
"Scott's pacing in Alien utilizes slow, deliberate establishing shots of the Nostromo to build isolation.",analytical_critique,
Alien is far superior to Aliens because the tension is so much more grounded.,subjective_take,
The Xenomorph's life cycle is a direct allegory for sexual violence and bodily autonomy.,narrative_decoding,
Cameron's integration of early CGI with practical animatronics in T2 revolutionized visual storytelling.,analytical_critique,
Terminator 2 is a perfect movie from start to finish.,subjective_take,
The T-800 learning to smile shows that artificial intelligence can develop genuine empathy.,narrative_decoding,
Nolan's shift to IMAX cameras for action sequences in The Dark Knight expands the scope of Gotham's chaos.,analytical_critique,
Heath Ledger's Joker is simply the most entertaining villain performance of all time.,subjective_take,
The Joker didn't actually have a plan; he was literally just a dog chasing cars.,narrative_decoding,
Spielberg's precise blocking in Jurassic Park uses foreground objects to scale the dinosaurs against the humans.,analytical_critique,
Jurassic Park holds up perfectly because the animatronics look better than modern CGI.,subjective_take,
The raptors figuring out how to open doors proves they were actively evolving beyond Hammond's control.,narrative_decoding,
"John Williams' score in E.T. uses a soaring, major-key leitmotif to evoke childlike wonder.",analytical_critique,
E.T. is pure nostalgic magic and always makes me feel like a kid again.,subjective_take,
"E.T. and Elliott share a telepathic link, which is why Elliott gets drunk when E.T. drinks.",narrative_decoding,
The mechanical shark malfunctioning forced Spielberg to use Hitchcockian implied terror in Jaws.,analytical_critique,
Jaws ruined the ocean for me; it's still genuinely terrifying.,subjective_take,
Quint's obsession with the shark is driven by his unresolved trauma from the USS Indianapolis.,narrative_decoding,
The kinetic editing in Raiders of the Lost Ark perfectly paces the action without losing geographical logic.,analytical_critique,
Raiders of the Lost Ark is the ultimate adventure movie.,subjective_take,
Indy actually has no impact on the plot of Raiders; the Nazis would have opened the ark and died anyway.,narrative_decoding,
Weir's use of vignette framing in The Truman Show makes the audience complicit in the voyeurism.,analytical_critique,
The Truman Show is Jim Carrey's best dramatic performance.,subjective_take,
"Christof sees himself as a god figure, controlling Truman's weather and emotional reality.",narrative_decoding,
Gondry's practical optical illusions in Eternal Sunshine visually manifest the deterioration of Joel's memories.,analytical_critique,
Eternal Sunshine broke my heart and is the most relatable romance film ever made.,subjective_take,
Joel and Clementine getting back together at the end proves they are doomed to repeat their mistakes.,narrative_decoding,
"Jonze's soft-focus cinematography in Her creates a warm, deeply intimate vision of the future.",analytical_critique,
Her is a beautiful movie but I found the OS premise a bit too unbelievable.,subjective_take,
Samantha leaving represents AI evolving past human limitations of time and space.,narrative_decoding,
"Gerwig's rapid, overlapping dialogue in Lady Bird authenticates the turbulent dynamic of a mother-daughter relationship.",analytical_critique,
"Lady Bird was incredibly charming, but I felt the ending was a bit rushed.",subjective_take,
Lady Bird painting her room white signifies her finally growing out of her rebellious teenage phase.,narrative_decoding,
The Safdie brothers use a relentless synthesizer score to induce pure anxiety in Uncut Gems.,analytical_critique,
Uncut Gems was so stressful I literally had to pause it to catch my breath.,subjective_take,
Howard couldn't walk away with the money because his true addiction was the risk itself.,narrative_decoding,
Deakins' stark white cinematography in Fargo isolates the characters in a moral wasteland.,analytical_critique,
Fargo is darkly hilarious and perfectly captures the Midwest attitude.,subjective_take,
Marge's final monologue highlights the absurdity of throwing away your life for a little bit of money.,narrative_decoding,
The Coens use dream logic and bowling motifs to structure the sprawling plot of The Big Lebowski.,analytical_critique,
The Big Lebowski is just endlessly rewatchable and entirely hilarious.,subjective_take,
Donny's ashes blowing into the Dude's face shows the ultimate futility of Walter's macho aggression.,narrative_decoding,
The symmetrical framing in The Grand Budapest Hotel flattens the image into a storybook aesthetic.,analytical_critique,
Wes Anderson's style is just too quirky and artificial for me to connect with.,subjective_take,
Zero keeping the hotel isn't about the money; it's about preserving his memory of Agatha.,narrative_decoding,
Kubrick's jump cut from the bone to the satellite in 2001 compresses millions of years of human evolution.,analytical_critique,
2001 A Space Odyssey is visually stunning but undeniably a total snooze fest.,subjective_take,
"The Star Child represents humanity's next evolutionary leap, guided by the monolith.",narrative_decoding,
The use of accelerated motion in A Clockwork Orange during the threesome scene turns sexuality into mechanical farce.,analytical_critique,
I found A Clockwork Orange way too disturbing to ever watch again.,subjective_take,
Alex isn't cured at the end; he has just been fully co-opted by the corrupt state.,narrative_decoding,
Kubrick's use of exclusively natural candle-light in Barry Lyndon creates a literal moving painting.,analytical_critique,
Barry Lyndon is criminally underrated and might actually be Kubrick's greatest achievement.,subjective_take,
Redmond's loss of his leg mirrors his complete loss of social standing and mobility.,narrative_decoding,
"The persistent use of primary colors in Eyes Wide Shut creates a dreamlike, hyper-real atmosphere.",analytical_critique,
Eyes Wide Shut feels bizarrely paced and somewhat anti-climactic.,subjective_take,
The masked ball wasn't a hallucination; it was a real display of the elite's untouchable power.,narrative_decoding,
Hitchcock's infamous shower scene in Psycho relies entirely on montage to imply violence without showing the knife entering flesh.,analytical_critique,
Psycho still manages to be thrilling even though everyone already knows the twist.,subjective_take,
Norman keeping his mother's corpse was his fractured mind's way of avoiding the guilt of murdering her.,narrative_decoding,
The restrictive POV from Jefferies' apartment in Rear Window forces the audience into an ethically grey voyeuristic role.,analytical_critique,
Rear Window is my absolute favorite Hitchcock movie; the suspense is perfectly executed.,subjective_take,
Lisa breaking into Thorwald's apartment proves she is willing to cross moral lines for the thrill.,narrative_decoding,
"The lack of a traditional musical score in The Birds amplifies the horrific, mechanical screeches of the animals.",analytical_critique,
The Birds hasn't aged well at all; the green screen effects look totally ridiculous now.,subjective_take,
"The birds attacking without explanation represents random, chaotic nature punishing human complacency.",narrative_decoding,
The crop duster sequence in North by Northwest subverts the claustrophobic suspense trope by placing it in wide-open daylight.,analytical_critique,
North by Northwest is insanely fun and basically the template for modern Bond movies.,subjective_take,
Kaplan never actually existed; he was entirely a CIA decoy to trap Vandamm.,narrative_decoding,
Coppola's overlapping sound design in The Conversation perfectly mirrors Harry Caul's fractured paranoid psyche.,analytical_critique,
"The Conversation is brilliant, but it requires a lot of patience to get through.",subjective_take,
Harry tearing apart his apartment at the end proves the surveillance state has completely broken his mind.,narrative_decoding,
The hallucinatory editing during the boat journey in Apocalypse Now mirrors the descent into primeval madness.,analytical_critique,
Apocalypse Now is visually grand but the final act with Brando is completely incomprehensible to me.,subjective_take,
Willard killing Kurtz wasn't just a military mission; it was a necessary ritual sacrifice.,narrative_decoding,
PTA's use of falling frogs in Magnolia breaks the narrative realism to unify the characters in a shared biblical absurdity.,analytical_critique,
"Magnolia is a bloated, melodramatic mess that thinks it's much smarter than it actually is.",subjective_take,
"The frogs falling from the sky was actually predicted by the weather forecast, but it felt supernatural.",narrative_decoding,
"The continuous tracking shot through the nightclub in Boogie Nights establishes the chaotic, interconnected ecosystem of the porn industry.",analytical_critique,
"Boogie Nights is PTA's most purely entertaining film, hands down.",subjective_take,
Dirk pulling down his pants in the mirror at the end is his tragic realization that his body is his only asset.,narrative_decoding,
"The 70mm cinematography in The Master creates an incredibly sharp, intimidating intimacy with Dodd and Freddie.",analytical_critique,
The Master is flawlessly acted but the narrative goes absolutely nowhere.,subjective_take,
Freddie's return to the woman in the end shows he has finally rejected Dodd's surrogate father figure.,narrative_decoding,
"The soft, romantic lighting in Phantom Thread sharply contrasts with the deeply toxic nature of Reynolds and Alma's relationship.",analytical_critique,
Phantom Thread completely surprised me; it is genuinely one of the funniest movies of the decade.,subjective_take,
Alma poisoning Reynolds was her twisted way of forcing him to be vulnerable so she could care for him.,narrative_decoding,
Tarantino's decision to withhold the actual heist in Reservoir Dogs forces the tension to come entirely from character paranoia.,analytical_critique,
Reservoir Dogs feels like a stage play in the best way possible.,subjective_take,
Mr. Orange defending the cop was his fatal flaw because it exposed his true moral alignment.,narrative_decoding,
The use of split-screen in Kill Bill pays direct homage to 70s exploitation films while building simultaneous tension.,analytical_critique,
Kill Bill Volume 1 is way better than Volume 2 because the action choreography is vastly superior.,subjective_take,
"Bill's speech about Superman implies that the Bride's killer instinct is her true, unalterable nature.",narrative_decoding,
